merchant_id,age_range,gender,age_0,age_1,age_2,age_3,age_4,age_5,age_6,age_7,age_8,items_distintos,categorias_distintas,merchants_distintos,marcas_distintas,dias_distintos,dia_max,dia_min,clicks,carritos,compras,favoritos,rango_dias,ratio_clicks,ratio_compras,recencia,frecuencia,valor_monetario
3524.3870066048516,4.262352422583597,0.46698078889522754,0.7575741487967009,0.0,-0.37849433718688597,-0.32087194612038494,0.5135752764645609,0.7309347680200926,0.5969731502574427,-0.053942929054890426,0.092286495109445,-51.86758853222932,50.07976215046121,91.42436119245815,71.3902819275494,25.829015062585203,184.00278853875326,43.28260399989716,687.172920899945,0.7501730993797114,19.687976518051734,3.4121403163252477,227.44291492150188,0.8521273630972896,0.03969327978835537,0.0,549.2032958937282,23.19689307359778
1562.4266096440201,-0.025333162710261092,0.035061704961803136,0.2571921914089949,0.0,0.2849293510297956,0.17128004567643557,0.02570303859989867,0.0423849095047915,0.40193307415173596,0.05259582838144816,0.019624235641021278,258.47985703619946,34.95998454051501,38.80529906237249,65.3963378742168,26.568162662327918,184.00057957999016,2.252068142726017,526.0348061472096,-0.7061167318587336,-6.516895093866843,58.325579769564904,131.58082148579473,0.7672152735295441,0.12332493235342,0.0,507.0037224008985,15.438485616256306
2602.5832512878505,3.860091828664983,1.50883519674679,0.2854984903767529,0.0,-0.024530446297072878,0.038565284931527555,0.6183535295630502,0.3240876921185482,-0.11496047051756215,0.02368741661740005,0.0596477914381978,264.45264102860665,30.693361822721062,7.026919422876752,77.56959178363279,34.09790508501704,184.0121339367146,9.199994197850963,160.462254804047,0.26684889253376365,32.010265207025945,39.61618888056782,159.0639300153036,0.7767067073131807,-0.013074083316545235,0.0,302.59944656360943,36.783852306130214
258.9903099993444,5.269759613744847,0.9539286690699975,0.6789923698172667,0.0,0.03541741368859701,-0.04222815929094262,0.7979740306523575,0.3773149177996084,-0.4188914908822888,-0.04533369287794796,0.011669668506980084,349.89454278446266,43.54669175349505,105.62011236428053,29.837634198731237,17.355742372258877,184.00503098020027,58.3359160047901,187.15666285765937,0.9900709991210246,32.90910976738071,29.571611483403387,210.4835364513738,0.7251354550438337,0.10147975108372588,0.0,434.537533080167,24.949586022537428
2969.772197809129,0.49311151088374716,-0.5338421939011263,0.24824903119613023,0.0,-0.058592612723368326,0.5483521026037672,0.11598374208719736,0.28083878895886955,0.8664326180824722,0.13798026759960053,-0.09968478922528115,-26.87947354245003,49.36614056807244,57.48363347654309,139.55067979921557,19.64316194925302,183.99359877775476,6.753409683401234,283.5333380203581,-1.694264703483669,23.906116455704357,38.62611224659217,223.68793933274168,0.7643371152336049,0.205235915737359,0.0,441.3759408470713,18.412283523775002
1695.4556546292702,6.6474303693158205,-0.15749041286913665,0.023691461184503104,0.0,-0.2981039668643317,0.5481944187368597,0.16594784475060054,0.028713669263741137,0.051144906823122976,0.096268580790134,-0.05743745262448236,68.98017360690348,51.91485587372872,12.734603714174945,-59.17180797177947,39.86435817928335,184.01279568032086,-18.525526757618557,508.022284084303,0.7177376999820332,-4.806951085804641,-5.039281001244829,186.71978738707088,0.9236920000236832,0.0721589451680237,0.0,152.10480438897645,25.759490349489155
1073.4334990652505,1.4244502020291079,-0.2742439869754951,0.20249185966250038,0.0,-0.11409195724985392,0.28095396290904534,0.9170609444579128,0.19802137437647013,-0.12794035820568544,-0.028294619551190777,-0.04699930162002346,194.4640487200679,30.98856307916676,20.249738145425592,107.82901050489394,12.25596067727505,183.9948807337111,6.121777779968241,374.457248790298,1.6692095806743528,14.759938974719331,-9.907326223093547,143.79119832818972,0.9396850750423782,0.19668620289746075,0.0,90.09122798403018,1.6461637404696745
4906.597917416461,4.526458297733075,0.49974218880560795,0.7305378061495565,0.0,0.45567892038593366,0.2686309279366459,1.1918011400301909,0.12059234249994952,0.5686111420914808,0.013910509322820624,-0.010002053732442893,65.25624539100437,54.266469479352196,12.443171434284025,83.17823897831919,-6.568275382993665,183.98197788805697,74.75451061227898,93.70885265679883,-0.28439683570655744,36.64830495776842,62.40427258142022,164.50559237525775,0.6559406614241213,0.37552221715438405,0.0,810.8980446814094,30.02841625303707
4191.6855149931525,3.2376808840576032,0.46550986635357605,0.2079455924877296,0.0,-0.1760175308522693,-0.13531412225122916,0.27400796456979404,0.862449334327521,0.42581962973232845,-0.018027730693452416,0.10707167518722503,254.50822603089688,-19.349272191416333,-2.688332873272742,54.180833878680055,29.922564454681567,183.98201390160548,6.153922531435356,-420.3769027912661,0.5588371594919195,8.520385285063576,46.20604315902901,165.7906090924419,0.7102536809379586,0.09628907502208825,0.0,-584.7609876603249,-2.40969071149404
4151.619213531723,3.537418937473392,0.4619676037213635,-0.07393703897955226,0.0,-0.2734381825135375,-0.08582565607719081,-0.24764624424769932,-0.010986786638919388,0.5026484781652668,-0.06380439930502736,0.020763802382109044,241.6358512007503,52.909094919389766,21.216970783418123,46.7184002166016,46.633276358936186,183.9978458029588,34.410198640271034,460.68098964580446,1.1351247208396067,33.07985905941986,-11.345396928855548,166.95084904045564,0.7368833170564455,0.15380482799448697,0.0,21.1703413331295,21.491260812414193
3830.3069221588576,0.8887129354856058,-0.5462541478527567,0.24448456951318823,0.0,0.06873962175163596,-0.4872382332555256,0.05437522055274857,-0.175345856723932,0.08734916767693207,-0.1958393977919602,-0.0027847075971073536,238.3484812442127,24.526596229906424,60.00195745528019,36.2701396379626,39.65382006888531,184.0012989949121,3.512301031739934,-372.5352184313794,-1.089383332580745,17.233353632725805,-52.728131784314485,120.03303311771822,0.8294036744843928,0.1415234892528166,0.0,207.5167013110584,16.959942458642008
896.8269258773591,5.8688829181875155,-0.09034551506845226,0.44310051742455403,0.0,0.023823461832516598,0.11525794173090641,0.7148127253701284,0.15219685538910518,0.7289694302776861,-0.04451295013980325,0.06483036486351376,411.2707961373487,45.61754730526605,45.913167879631715,92.10765396087473,30.26000612834858,184.01098020170087,48.68327262782775,-191.31007679462562,0.6960951829940141,26.459363085664805,-10.586864281825546,201.59505622362042,0.5976428653414688,0.11900877070210455,0.0,472.2860437318209,-8.282453316905176
2110.3734495376784,4.039294499727523,0.13434392170304937,0.39630771005395893,0.0,-0.023166877676161754,0.5438966803065148,-0.19142493034529906,0.12672111960102309,-0.3055225352795457,-0.06198264567514619,-0.07048777145644122,267.41340736058515,19.741181414747043,23.009002103944617,41.40103106062865,49.921164228244706,184.00740547456877,41.26043673298917,116.90762091810481,0.8984702774713275,10.67616902969327,35.78755127293316,164.73010005021646,0.7127628778103489,0.16933910820449888,0.0,671.818021176938,17.427661345034778
2199.055359158941,6.574351664452073,-0.6345158260318162,0.40277082860659863,0.0,0.0436488307767475,0.7790349482818628,0.16959417098269586,0.22557249423457273,-0.05965360860676934,0.030090811819677578,-0.022093652117399123,180.95224560663502,5.1676027751264755,111.18801658026382,10.886784452672565,46.837511304985966,184.00103566341983,-25.16339707165195,-142.71797768641864,0.6058839698871681,17.644328731992882,-8.129174919280606,136.66648114686353,0.6402373218353192,0.07669076621617615,0.0,921.8504964644967,20.41751591014949
206.21860873862215,0.9397640670107719,-0.19778697088965883,-0.1352882377880105,0.0,0.16822040550252354,0.11772746982223602,0.38959159580557945,-0.010872164275028934,0.24564623708272149,0.07068837379120124,-0.029519008368598644,119.67161016858716,41.02024616173669,-48.69415282931053,83.17271138684026,20.99964048010169,184.01161473774468,32.45733539443518,347.2323709708048,0.1865445164712579,22.588964978711147,27.986927135834016,143.99759907329343,0.8958950821879462,0.03962672130721184,0.0,246.369481187394,7.269648907477345
1882.7319445600776,3.0465405703591077,0.826477291866881,0.48751829563675775,0.0,-0.07535576130978561,0.4222838173258112,-0.14420719344336203,0.19432430870366912,0.49788867944190507,-0.08418205370134221,0.022555849509022667,131.96055512854412,1.4059981613689843,56.95194697005055,113.45469656551687,31.577335464991812,184.00027358909114,-31.432512001418935,150.90872516086378,-0.639250597845246,1.2581022225538536,67.80753054906532,169.1603994387448,0.8343222513657745,-0.03762072331265659,0.0,269.58822397406027,2.25187260605877
1898.5891964503503,3.811514987703829,-0.5113958040825014,0.19825089536447033,0.0,0.0792471103864007,-0.9621310508586777,0.7426683165702288,0.20127485272574727,0.3335741876321121,0.06231468796288618,0.047592874557220013,-33.90182710900936,25.112419301064186,36.482052922375324,-42.30243288100499,32.362539177667216,183.98547536910527,5.530583855955889,496.8471380835423,1.1777706880589518,20.304211244545595,12.525927453529345,114.37143842869777,0.7723607220062336,0.06822504377841299,0.0,403.8722407555181,23.367317047864947
2876.071876647533,3.5195408497340814,0.8719049688489802,-0.09047804837743725,0.0,0.24332321581746835,0.039919186217479696,0.5658918016176946,0.4818408040792955,0.09241926236838631,-0.1033789542881789,0.026249779878035506,-157.635496398033,16.232034961484793,-1.248894731936133,147.70795173924122,25.46459443607459,183.98300034313354,23.303812799436255,-268.64031238407637,0.14695084961666297,-21.27044574433281,24.474900621181582,189.09380778290557,0.686372059697509,0.17949278709261668,0.0,94.03585167630447,21.544837033568868
6375.869523374286,4.706657159551727,0.7045339938580628,0.4844167650067388,0.0,-0.15608685377136405,0.03022809471612123,1.1437362875654042,0.18804825929450486,-0.03472807684064429,0.00016260104695861935,0.027046010522109712,235.6076036041183,29.94566466855737,59.61130304228201,-2.8108063121340336,47.79263213633626,184.01464855802726,84.16987651254524,33.92081511830426,-0.5659172423566963,8.018698575712001,40.95356922423097,168.01009843883247,0.774572394036603,0.01483207503750976,0.0,-132.38485738457734,19.643296732781316
2662.4307596843887,3.0217100631845284,0.06932274073194494,0.010211354787303922,0.0,-0.41855908122788027,0.8356241026760318,0.6043217179083058,0.19146999976036155,0.49963878172473725,-0.0592901150723842,-0.015626303298083864,369.6380261991446,50.86348964363113,32.971309414372364,0.5790590291833553,24.268830163866493,183.97463417156206,34.09110207748385,247.00060474704028,-0.12085738621151879,24.092950032556942,-23.616822473930142,211.6039328831696,0.7577397104691147,0.12093814770715391,0.0,244.79564062952386,16.584218071969005
2876.8216185667643,7.555492436014231,-0.09530142212008011,-0.4268888661703968,0.0,0.17348330662069072,0.3814520738522519,-0.16097486306132158,0.3410331162643118,0.36703558667617003,0.10875229500029808,0.018668898192161176,95.58112683936204,23.172453613887427,99.85927425714397,-12.042798071084448,17.90252380172018,183.99784952164407,-1.4465382301423872,259.3256827296196,0.400593044306994,32.18182596065487,-12.323869803681058,162.86296736399711,1.0725566612622126,0.08786814902520318,0.0,536.5672773927663,8.509026866709887
2328.9216304731767,3.4793293389467133,0.585331773893863,-0.20312560812750755,0.0,0.5359011355910622,0.4233534949271431,0.4940340809891665,0.4679875954093646,-0.1641746720374085,0.03032536870705638,-0.0397043880031508,433.74691921989086,40.47964867933266,82.57626765920119,43.20670837723042,-20.339780709555303,184.03398747079618,13.28853297723457,467.67463300301773,-1.0652559431126896,23.094704263306372,42.46121956938658,124.7752796091791,0.9812836747128311,0.04336720479885982,0.0,193.94742508675324,48.34777134760073
3765.7348906409334,-2.2447993931530803,-0.15913444724272238,0.11630263733758735,0.0,0.039336065850383226,0.4018791794077604,0.6950498773992548,-0.20103869100627636,-0.17381588246618768,0.0020472119079435313,0.03644241047573643,122.674211415211,49.618562727779945,129.91268849265344,-13.587472681981957,12.452627769939658,184.00534358434635,53.94911355841329,-46.91322050563497,0.1343605723349434,-3.0514766535990674,17.27627187473174,121.08933443581554,0.7397017643705728,-0.06683896791124183,0.0,421.4922362035643,12.273378771041084
1130.940750491661,3.5661676123565007,-0.13626946054421726,0.4127083657260362,0.0,0.08073503343752884,0.23774823061142183,0.7176515141334749,-0.2981204277787251,-0.05752692399927452,-0.06213494652371797,-0.02264227127291425,-190.8066649604961,20.646376993122168,20.952369212620894,-8.200703865031123,2.9963145001216525,183.99776092739165,-1.002096193242835,95.94404484030247,-0.19595244436295473,30.95519313068953,20.374761237730997,147.52476166537133,0.862216050257577,0.22075747483699945,0.0,-369.7133243758978,4.319191854849768
5450.376213002439,5.8708229820491145,0.19199424662261017,-0.14987267254298806,0.0,-0.01772288647567318,0.8526610165612583,-0.08013526705944346,0.7671434135540323,-0.09910327877506796,-0.025200748996771747,-0.0538713140069608,315.77310537484135,20.95837792228263,106.6757002704897,12.631309360200149,26.312265236071003,183.9810017430131,59.60834207093309,407.95485243005663,1.1356869957781432,0.4733843289769677,17.141733143415834,150.99013026846754,0.9737242808359221,0.1451300042557599,0.0,284.5439754406159,17.22396188114437
2512.2474707076867,1.5938328682936698,-0.7762379885947378,0.09328039543889367,0.0,0.3549247083484284,-0.7343865582563555,-0.1326215708333483,0.4088738669427604,0.45307216583132043,0.243686263847926,0.0044381601552078,69.26927990843167,63.17267366196322,-10.171727640816947,49.3096716637397,4.125128458283243,184.0184943310552,6.546487432025163,-457.6469111106167,-1.3035706912255696,25.079753439468597,51.674815350958795,141.7418971243613,0.7396579260138686,0.33723364440608317,0.0,138.29766970621162,13.920819058581962
2118.066611992601,1.4696224898893828,-0.4635440056603348,-0.28737586628819445,0.0,0.025409812896701273,0.2794204283978343,-0.23948652621131716,0.07515696165997668,0.2605083949725531,-0.04666319386457156,-0.09368586619974506,331.7410843563233,32.00344764138614,37.94687020366511,53.584996339347406,38.18181807614259,184.0139120689974,-6.301709188354689,368.7953413488423,0.833891264132795,0.9409385962323711,31.847466985588014,164.53002597524394,0.6357242173800878,0.1954093774496115,0.0,-163.8931522484388,11.948044625505217
4103.621983462456,1.7561531994006774,0.05786591995168058,0.5701789506025655,0.0,0.003886689178013998,0.6861824010257015,0.9659289521373284,0.1615578013714301,0.3000691010121404,0.07551162763695282,0.07669074115808695,-71.52767846949033,44.665643027401615,21.776412286125936,98.21713986208384,47.32065288240102,184.00790487693752,7.596186129475761,490.03905883640516,1.1972726976220918,5.609010599288334,32.326447695004916,140.91054353737493,0.5813669904840915,0.2187622343874961,0.0,506.0042662212093,42.763594886432855
1397.0840136812726,1.2939799874997595,0.4216288762684529,0.8569737277759351,0.0,0.22096857517861263,-0.5632250923829752,0.5346673542610864,0.012575675751929027,0.18140226556168412,0.0017383901308614478,0.042626795215946006,226.4864190769885,44.50260843904663,70.46384112720705,97.19492025920641,26.481223313252247,184.00012259324902,-29.260865048796553,-180.9714603426147,-1.274853437059156,3.0387953043709572,60.587715705054165,168.64799602492823,1.020682654102359,-0.057566309230645846,0.0,918.0072180832324,0.6053301361061116
3738.8843220116764,2.4628372047637117,-0.165493415315162,0.8148305928730926,0.0,-0.055002996314812924,0.5654741560944986,-0.0996268475360042,0.2307897514075525,0.19666876977141864,0.07195019554729153,0.019484194040469412,12.619396980723849,7.936738295557404,69.36169192962791,88.61137984520191,9.056533094403438,184.00662419735582,-47.481465865657036,144.88362112888268,-1.1837635726333582,18.410268524080244,74.63381444986096,143.26865486723804,0.8112211982185825,-0.05912968601187235,0.0,621.3599493328707,16.98552249382346
4736.469626107849,5.1814077645266625,0.11213028127935429,0.5635274774362034,0.0,-0.2133339735283254,-0.09582147024816343,0.3169443602739242,-0.19676050734110312,-0.39342422220196666,0.12006677557418291,-0.07912865776169012,189.33293125222207,17.341217713320138,1.9231584011482497,31.566122376506073,32.288297950504955,183.99844134415454,20.974981524735885,723.1486623471378,1.477445292618112,13.71601534285184,97.9121221879815,181.01244398049442,0.8802703260569473,0.10266177774617684,0.0,643.4745319163324,1.5466531650174566
2341.8183239731484,6.3893402413611415,-0.5386925578392351,0.5235603671023177,0.0,0.21531845104679515,0.26436959048975817,0.20675141427343816,0.45805406742959087,0.37669042288882776,-0.028332986787455553,-0.032680684407949676,289.02572208342536,41.78711413013254,73.00592749622352,-38.48882565970413,61.67640359719313,183.98907748766896,21.47406530979331,456.73169919805486,-0.5662907265708413,23.602133264104083,-5.233301348220754,150.1649328193081,0.75637339875611,-0.0037977636342998444,0.0,525.1632332474483,8.867428847238816
5678.428602747797,-1.3444733810427625,0.6316003920151302,-0.6209651874384043,0.0,-0.07622288142140954,-0.10375998146720886,-0.1661102935987706,0.21784262057437598,-0.06335896007906137,0.10421661931822727,0.004575920527174938,248.06825793029856,-10.76687901503334,25.641427499830066,-39.47042499330354,55.989339249200384,184.01098821451336,32.07836926992866,388.6405493962752,2.47180772151195,16.198613204165014,106.16402125174595,201.13968619384616,0.6570824486018042,0.03795056359922769,0.0,502.27365141768325,40.82466498200053
3629.8649704664667,2.6604550597533243,0.3041310047520921,0.2562524994683867,0.0,-0.15216455684718094,0.6156100729131264,0.27697202972624635,0.23091492174092648,0.10853150644175949,0.3592678993314739,-0.010697088185041233,166.0436570257387,29.165419794520776,5.745503458028587,88.30618259113976,1.3384271965913683,183.99955371566003,20.81321805116852,562.6581898141324,-1.251114614205333,-4.841598316883793,-24.15358564979109,181.68687503848108,0.6837921634446689,0.3248008049806228,0.0,-345.65897828999863,20.40991378599219
3647.903227556786,3.9939057321929625,0.3447950279855856,-0.006347261710672902,0.0,0.45620076017215416,0.09970424292219729,0.3448383981583537,-0.1686112042317623,-0.03408795333008706,0.08649351577318871,-0.08239186564092078,-89.33044309190186,15.094874766359094,42.45472486226259,80.5902348790211,0.6599440554786504,184.00605566770167,99.96980829350795,822.9185832711737,0.24992029571277274,20.330866438999408,86.64440997189807,166.6624489141479,0.6466137546519197,0.20528806158917906,0.0,233.8057975484068,20.240461638014956
4679.305722913264,3.7981034482212124,0.4273998388213675,0.5305640601324383,0.0,0.005462709545112528,0.5687324961283545,1.1093475566777495,0.34389547223965955,0.16655809478616151,0.2168362980482853,-0.0636749593859647,282.6295799508415,57.60408980836927,-24.353034007166237,15.817718267755541,-4.027948962472735,183.99875358424487,29.1943322552851,251.58617236129933,0.10296763962327218,-8.269978191473033,-7.241178647462499,153.51961619022114,0.9602384234793089,0.015202454188950498,0.0,454.5078480691121,3.275518361364268
5064.526152616112,7.120727580866873,0.23887867382761896,-0.8026133829532184,0.0,0.13855359510261883,0.3989849792652806,-0.026920247229449412,-0.16031013337836586,0.30503033770425425,0.0757158667429469,-0.011702484046041683,335.7365017579089,41.15818820399138,85.46010080813451,-20.72874769825269,6.259366446352086,184.00537294789189,-21.405838983302978,115.40034609114787,-0.037422087663621095,4.056187149339243,13.406140056008566,110.56863378394115,1.0522156466133865,-0.1127235612780639,0.0,462.38956507759315,10.50102352132049
3073.634580399257,-0.5348794075481962,-0.01940984557758163,0.2624129547449692,0.0,0.04663185976199476,-0.10931520462923386,-0.4897444735383465,-0.09568861827157837,-0.2077144061993631,-0.10035300822735968,-0.0620081736316392,-30.1601617505477,59.34121804773604,40.455619231764324,-3.272929440887573,31.651775907125476,183.9999643828613,-13.002960896042111,561.8837595514381,0.47244085288476734,11.35299859508151,16.60419535273138,206.62077888531908,0.8439010462507126,0.0076651607030307906,0.0,719.0353739141423,42.04569518566447
3851.8232232909677,-1.6671188566840822,0.7222337849746897,0.10350669483430773,0.0,-0.13453169490920514,0.4264980122483383,-0.1996554576144362,0.18610244531129427,0.2011995145373862,0.050127826349803103,0.07151113303109144,-4.237331355856895,32.86972962813798,41.453141200725725,50.91688362620879,16.870872137610455,183.99907803752993,23.688294092437474,185.69230959191418,0.5162620706676344,10.3805864505871,-15.75600927047593,138.0238496075923,0.6213116522602078,0.049048106776107554,0.0,-79.74548336019961,23.468148640075064
4723.629563054533,7.438399179867653,0.2750793370918331,0.6233790701332549,0.0,0.177167537378356,-0.05546166189216503,-0.13100068124089537,1.0605272294366626,-0.02625380896614944,-0.02539295185059488,0.027409241153214813,343.16703368383526,31.261166621937505,39.017110716726,50.999673153572985,11.714463702466828,184.00046948350266,9.41651307376787,-51.20940816802539,-0.006627251845981619,-6.659542629904884,19.094309568959975,163.29362647198104,0.9096511633893238,0.0701473188572232,0.0,488.6908861566287,11.692598403810203
1003.1098820065181,4.876283305790795,0.12678963005437124,0.7909229851184031,0.0,0.10301765846435601,0.24547551091012204,0.07355868072157967,0.2164017191396875,0.5475919831284697,-0.058482868762989484,-0.0378749375918765,117.04241075625058,27.150925020424285,118.08933243399346,89.40614429681531,46.052874894473014,184.03374987920913,-16.558860012238632,72.89384592931128,-0.6497046268406798,35.702892037439284,-13.869216846342988,171.58267557694109,1.0196402696461404,-0.015506864809681747,0.0,-91.06219840545333,22.64358516231735
177.47236290222054,2.282793436757195,0.19898754641105923,-0.17513784681371622,0.0,-0.08964083165445509,0.09216425042597212,-0.19857933581433584,-0.7738646412514938,-0.24199692914509863,0.006730234362705562,0.06133967132188014,0.33382529472132205,22.88793617734094,112.25371289409708,23.195473455188605,36.744636012753254,184.0092403494451,21.750826785636654,345.56929667058085,0.916698051225973,39.58809096213183,-29.202698474391987,154.3111323705548,0.9776546456373103,0.1999199936204577,0.0,204.77203216891132,20.216509478930814
2609.11670529687,3.7372608445373845,0.18919179566714892,-0.1575332219568162,0.0,0.12648013349312726,0.5911116109615013,0.6221813895819976,-0.07774649576931814,-0.20565987253685025,-0.003507980704198506,0.051207654486181135,201.88260209714312,91.47200530009923,104.58749341500219,32.34586004810228,-4.122421522743437,184.02949385926445,22.229811053032282,101.83470870154059,0.597856047129472,48.047356128289195,14.51031810660256,204.69000264278714,0.8344001045167965,0.03525211736667011,0.0,256.68232969896223,4.679494928353991
142.58336111370272,3.877464664199208,0.12217170778834183,0.27705068653247267,0.0,-0.06094463203296288,0.4424043142393337,-0.22911873127386595,0.401521195903758,0.002733202662406828,-0.11629796919183154,0.017069413619978303,41.18250545136418,51.07778803603007,39.114011232136086,93.07794817431062,45.00349044231729,184.00003694545677,75.94307598958778,125.70530101086976,0.207785824994495,32.56619424140065,74.02366334356815,120.31740429418704,0.8050060653248207,0.15687991349902478,0.0,577.1973975329997,11.284303674662844
2236.154414719806,2.235518025604127,0.40802740196129517,0.8633826794655826,0.0,-0.17768899579128294,0.20625069992117065,0.26987141152371064,-0.2533605523919608,-0.18074377265088154,0.35326465691483877,0.0005449737612852595,182.21357403523314,10.772401270433289,-7.881215535957729,-51.080598746215486,36.304687135651946,183.99661956922586,-6.326947550096506,-82.9738723138912,0.5737855655165454,10.91046374269565,6.642832310711238,217.11458439346066,0.8332499328351701,0.10369695848770333,0.0,536.4220529578972,48.10013771250949
3150.0396476053957,3.6788832756901932,-0.2272207499036357,0.21060683021423854,0.0,-0.19770177670018835,-0.064618723013076,1.1396278292498074,0.45477836002675864,0.04655102238020535,0.11644013041732211,-0.012476005099829279,80.92503799268219,90.49635235352733,42.26328981521368,57.24834319014285,36.71117387768586,183.9879313490232,9.996213388511451,704.8209373130246,0.7048859231132837,10.668617257324847,50.312759969967985,182.31780479049553,1.0139524937029245,0.18280552064992397,0.0,319.87940944370695,21.961470519812348
2291.9390005567093,4.095928808946829,-0.19363305963405056,-0.3117744208184967,0.0,0.0942110993518877,-0.30583245765318545,0.5042239230604874,0.2118319194740692,-0.05182151526842595,0.046227198917748416,-0.024620695147656434,96.04045004917108,24.998335618428396,57.328813474126534,28.345739764388462,16.61888589395798,184.01833377727488,75.84228179203768,136.05336821132659,-0.4579304916459872,9.89374335816024,-14.97748839129842,152.25062932650738,0.9474088997249437,0.07760068662281358,0.0,-467.89938569954523,-5.559694333754521
2486.8920841765985,7.347012183512992,0.46004239537417824,-0.04916408439796671,0.0,-0.034916998518436534,0.275055854850756,0.4590658998135145,0.512679718071111,0.14793429774644962,0.026974347666590896,-0.0646991300851952,349.665039894561,40.62109833962361,80.0474885770935,74.7805159516608,23.62580099682409,183.98985049654536,34.440705892764264,18.04988290839674,0.5466749137414814,44.326435853743725,-30.97620881973915,152.61716258488568,0.7833525440936642,0.016156588648052805,0.0,432.3773343196681,23.62038734735019
1236.0205397160971,5.287421713842524,0.1362037057362172,0.2661949503752242,0.0,0.33784249217635454,-0.04252666210586595,1.0768720868490105,-0.047518389787066434,0.44601638748076494,0.16559432084788658,0.07940464070571873,-281.60101594978573,53.92697958506015,57.1820853169786,65.90356322119911,-9.023604938703816,184.0206766671938,-6.519048253661367,52.08271059497065,-0.2993888397220436,14.838632225250649,32.51062495438713,87.71272014747873,0.7797513798523004,0.04534636565607966,0.0,185.3661073186504,34.74758437247066
3839.080116358761,6.806298479327479,0.6494857948512227,0.28083632733170416,0.0,0.032293356571437885,-0.5576846773126946,0.8082083609394017,-0.07568034067422155,0.1423811863478469,0.27440277128208035,-0.023643673048390032,251.65763712696574,0.6223469173777616,-3.8168040574859035,12.287165063319577,42.905310094584536,183.9885900431173,0.26824208975304487,502.3796855665143,0.7300250610355293,34.27246049496178,80.0800740978362,132.5390570802936,0.769619938983001,0.04660751093890852,0.0,760.6712331932636,3.768152120315703
1146.1445829736963,0.7711051615494147,0.3909151120596615,-0.08747337256699864,0.0,-0.11452993147118658,-0.3310741637216761,0.509299733171084,0.35860999691332507,0.17190059925745382,0.10114034577197675,0.003954372813589377,320.5710302249424,15.911522927789843,18.576689562401384,20.66834737719769,8.783891167668543,184.0101970481783,-16.08979063268992,429.01945945345756,-0.0254221028208442,33.18064971180759,23.56112656399676,148.73015849943314,0.6861780540371544,0.28350990588511027,0.0,678.0537149007689,10.048839902622449
-365.59124401413465,2.72164573869926,-0.051060471739338836,-0.05693453261022602,0.0,0.07200874557620901,0.8913318116044366,0.12459761385196341,0.15171742397844482,-0.2234238206921048,0.03087607687795141,-0.043245720312742555,44.098183272325016,69.17184163997672,14.439753749961543,-58.92539083276803,11.130038885034123,183.98206292217014,26.20927406260305,85.1174524701656,0.5854481857932035,19.12023481200834,46.13325269387384,166.089902423569,1.0320725194216231,0.10571966542599923,0.0,-47.02788763897996,36.86225475838529
2391.2729781861794,3.8755645046138176,0.46732019558938465,-0.19570146011881803,0.0,-0.21522772841923632,-0.05397592176019064,0.25111318784220604,0.12985619458614744,0.07582621053725455,0.19927468849392818,-0.01051329423685617,319.2154412659705,28.874298697318856,67.57311066121109,76.4317723485068,10.882944070554618,183.99511050403942,57.452546893716296,255.9939676583887,-0.2088047112219979,-3.9120944292897484,70.56115858780153,201.57775284185323,0.7258005724734378,0.09929213504390318,0.0,479.9901915475939,16.950092431661698
4023.606277153416,-0.3594883919339069,0.7532782252886425,0.63224903882241,0.0,0.024148913098442255,0.6664809782785869,0.22975991411158733,0.7214258395277322,-0.017422093104912675,0.03351354924577963,0.1459183626429641,-15.348623599896115,55.19793246838566,68.6923504282781,53.803212062701135,59.97438760050636,184.0003796867323,77.09625077107194,334.1730583595363,0.624938335567938,15.142085537465112,14.590466446845818,227.0589602907151,0.9087482161986161,0.17775716957487048,0.0,486.83234510908267,14.454990103790468
2808.925947339591,5.714985857924111,0.4084287825990527,-0.13844657648821593,0.0,0.10392516830864565,0.07146399043245241,0.08475981890716028,0.37275994669965007,0.3402128396648742,0.07001749744044944,-0.03397870647650628,37.39744458480807,23.955103140027887,74.66760072546845,105.19418874571402,14.822581807942273,183.99334438716247,-25.0028056924102,20.426776775515464,-0.6228085032721978,18.522647851261027,10.368589338941305,169.2395671908443,0.7438929547375746,0.09887157684924812,0.0,461.61952456316703,-2.290013175890863
998.7671997513448,4.658547072056656,0.5089150530988754,0.005860334260000016,0.0,0.07949676586650684,0.7315794634077113,0.3542121525152971,-0.564672135095968,-0.12853523135035633,0.1405064857248702,0.07539440013972006,17.080871288411686,31.666286077458672,56.71938109562318,25.455342600772372,44.28181646592361,183.99820623092927,52.14505880988577,-247.17717365255896,0.14821594971654234,34.3943926636737,33.176731079089315,167.05627842750408,0.7702599433122581,0.19918897105272182,0.0,416.6892578806922,31.484387127753738
2841.0970341478583,2.682568806241118,0.12400797481036818,-0.005239665938203852,0.0,0.29849733633755815,0.7016330092770888,0.4151385814021792,0.4432019304431202,-0.15967968077633937,-0.032382753987548696,0.0011374952763897697,321.6013595296487,72.12138335773794,-50.90879374207119,83.72056401428658,26.612241244394454,183.99826052523073,29.06015552373453,410.4141124849085,0.8657026134756594,16.73320424639009,39.67878872202043,144.26098201762068,0.8222690009086949,0.06560303124562067,0.0,496.62389635005593,13.815171758945938
3330.28090614944,3.0424300978887815,0.6594361638472589,-0.4392374530372293,0.0,0.5546049417426665,-0.12250857964581388,-0.2856021144608274,0.4070284513975453,0.2221637282923591,-0.24288613364085918,0.036734102875033474,-153.97331504054915,43.12459441901222,-35.70829373902034,-4.283019818582666,11.889290528696295,184.00929174896942,15.099145009563538,38.131743162279946,0.4756636251310163,-0.5013540377252106,-35.19684662345508,104.14594818845687,0.9166161196192285,0.05652037565604783,0.0,798.6947902062982,-14.007291824196866
2824.1764044209403,5.855950614075797,-0.06395995465237878,-0.1496173347513424,0.0,0.1735997926409188,-0.6031664034548574,0.9779246076350451,0.5826363375941359,0.7610732018595505,-0.03843872895583321,0.06513325970247606,443.1046531275792,26.2920820413244,36.59932052435758,-76.79052898329684,8.574086997678389,183.97643370291792,10.008979640510107,386.52160300680305,0.26661899054303273,30.324394152378197,26.731973416422917,140.48006722605896,0.8014645377882804,0.011212285154596643,0.0,87.0123761927162,-5.610153381768178
2308.0164451210558,1.84415249449171,0.3585837962693451,0.6661693092828611,0.0,0.27396822227886375,-0.5681574805674229,0.4410751662031537,-0.18514633161409283,0.062249033840940805,0.11209512976154988,0.016229926466021317,100.02184374210655,19.00890097388377,47.46437527861222,38.9772837129038,15.551270137891025,183.9937369471092,-39.23917407844059,348.35142524242775,1.490862158847503,13.266833990329964,15.900480981617818,153.59089435036486,0.6755037154742138,0.26432695279898916,0.0,-35.86026841368812,8.578949550505932
3399.7055851351547,5.934879586719969,1.3840899256315284,-0.2845210207384554,0.0,0.543912444611518,-0.11546424726147739,0.14565611666086833,0.2718149828236475,0.17379796038856465,0.10331665070707415,-0.015153423286469516,262.26917010748343,20.977271066185665,100.15987900007437,18.03626517082749,25.68932385129032,184.01437545276653,44.575085616277704,263.50481934811955,0.89837200262049,-19.2597237290229,-12.92571280676565,192.2695845068907,0.8413012409906999,0.09263341273891706,0.0,549.5131993791447,1.4039383546251614
164.49276577097498,2.907931730401583,0.4506731165917648,-0.18870974564412143,0.0,-0.15825033415279727,1.0004086764462103,0.3582265012949432,0.19477839240577677,0.4265527924619241,0.18307918536781018,-0.006823611567924029,247.06408738708305,60.423720385957274,46.53946846015269,-3.435714719426727,38.05476869758948,184.00651595700072,-19.519030788189575,109.3421664357895,0.7706727527290933,21.02094439654205,13.374326263164864,177.33783400712053,0.7288282696123367,-0.006116410013604204,0.0,-374.7556723146743,3.60558904651322
1392.673179295399,4.881299479548635,0.009577627455382154,-0.3325963883230868,0.0,0.06663025466924843,0.049168686043854076,0.6697269148692416,-0.19162703962453848,0.2845490479341579,-0.03367265975516345,-0.0051305266158656205,180.48318244042076,50.181230055121496,-1.511923665008247,83.00074153652554,18.438090490547808,184.0145645139769,-0.8278132581276694,42.86806002516272,0.6206274329750263,23.487923118270146,-26.658651897255204,167.5782384087543,1.0595554751711096,0.11648001815333642,0.0,504.8988355701978,49.36506916182253
794.5564724711335,3.5711854260477867,0.008391214882780967,0.15180605839170608,0.0,-0.05376145762836386,0.2790207520618718,-0.3831371301468284,0.4965765838097145,0.28668033982463403,0.21276714504693447,0.09630615945134517,47.856596333415425,8.99766621939471,73.18708202465557,96.75575425518144,17.753800733349504,184.00874506748903,37.36882881280679,-118.51449204993412,0.7153355916687031,4.630396672656001,-39.287890492202294,141.298465203527,0.8013613878970569,0.040743717892110336,0.0,443.50749570502876,26.38946251854494
4653.88471114226,7.773118805927394,0.17017221260382273,0.9225570273558517,0.0,0.20747674697503837,0.7579469195412822,0.21493281234949368,0.0671491027095568,0.08842390029549312,0.038835284837883996,-0.07210941639059744,372.9434039582979,35.587148707686104,42.20527443870377,47.84456990530751,10.937550914110822,183.98782554177907,-35.82309286914754,49.00369330933361,1.3796004739189554,13.764975700967696,18.36819228183686,95.40016792615276,0.74295657360109,0.06403591297594337,0.0,-534.969340557335,-19.710149392822395
3728.384789293137,1.664138934367626,0.5942577132947239,0.1353921905124049,0.0,0.09451974151520261,0.2645786114537096,-0.259787251345039,0.5710076612486295,0.0947304327664202,0.0910881245844688,-0.08652427549675465,62.99651612007001,32.273938426325344,24.658018279460986,35.07418615709334,5.21587773124573,184.0076334933192,-19.582480036940915,427.61718712220784,-0.1965537058877722,25.690488715687124,48.889647761000084,97.37720384860788,1.1212435935426643,0.12666840190506923,0.0,57.55993308925508,12.048961181765604
2962.063530270727,2.279052319776201,0.26997533097918547,0.21318789127352272,0.0,-0.12110295485024845,0.25034004460667075,1.4281206964534152,-0.11401323855538809,-0.12548250427984542,0.12837011470279494,-0.08317084583154956,24.827389857870884,40.5122487552435,-30.634757427662088,45.950218538114136,3.6862151087488577,184.00126664693266,63.59393996909296,692.811906916284,0.88755960300944,21.116378308908686,3.2344647626904806,105.82829833996774,0.9443348570608828,0.23489903751596483,0.0,824.5183467030142,15.20418892887542
583.0702609952291,0.4528831987055182,-0.09514275051895868,-0.1231071552755694,0.0,0.0429564717433188,0.4764561784976671,0.3217746454405775,-0.3733823399815522,0.27692224422591,-0.1563887131497343,-0.04242507144373069,308.62266304263227,20.725636955807346,46.87654179823933,14.211253418749298,45.1187743073701,184.0258829806742,27.676186352256057,645.8751604207571,0.3915547173149679,-5.470086824468382,-19.182191892703912,150.75751649341962,0.7102053798726058,0.1079625693605631,0.0,-227.00674522454602,-4.267055916197233
3775.09367770958,1.2542783790133458,-0.0959559887348029,0.16311465240924766,0.0,0.24788234885876886,0.3384581669764165,-0.2562250217284775,0.06678043329668122,0.2695261571707303,-0.1094411997049718,0.03774729398487571,179.51621335540193,57.330837301320784,53.42619873453339,68.12063050081424,17.380251877009417,184.00923759693265,1.9888170059904375,292.1770565717949,-0.17030601477657642,34.0523699953947,-13.50235354163553,192.8804414631151,0.725358224122699,0.03529003764120624,0.0,351.86422765619875,23.95967387457661
4709.374687718466,4.797379538302108,0.27285829738872475,0.666525300388265,0.0,-0.21709847585788833,0.17782116253369265,1.8420808426796669,0.23824582379473463,0.3517268146516153,-0.11357727880212608,0.04083225301521228,393.3068098308938,33.68268334453756,-2.432917986382172,-25.10332107758215,18.999780993113042,184.00607183101965,27.80514638899541,692.641825750956,0.04498050815947588,40.40665970606348,35.985257505918895,191.99678387750515,0.9064446465770857,0.053723454397425756,0.0,-70.21450552723093,-12.188584021845216
3523.990953261153,6.53387447680048,0.22245351891925977,0.24288827295116494,0.0,-0.11693159076491198,-0.07939789599742422,0.02564221613530976,-0.03860751794182807,-0.038927599339149035,0.14937919577913014,-0.02801888276751844,142.75475480220746,41.746002189589284,76.93513215614267,-4.422817203519173,14.860828124832794,184.00773031918519,45.606094807825976,147.50844559794456,0.2872259311124653,9.300247709495872,76.85602143213764,186.31893727254942,0.8447931453203322,0.15758368159491945,0.0,32.38780626840335,31.85461134396072
2641.6605903464147,5.019283274643032,0.41210458321862387,1.018620977666308,0.0,-0.14658930211773702,0.2514143793597693,0.16924422658681015,-0.9529827527312706,0.38834285562323334,-0.022286881326518616,0.001102991773066245,39.00398429776969,16.828850897817,72.85109630627865,8.075990126977764,21.256719371559786,184.00545273053902,60.51854555373466,-167.33952769857876,-0.5325368025715613,-10.34287294030106,44.07987648720674,143.4505339090535,0.9659899638979075,-0.07625596494960377,0.0,942.5080410015505,36.690465782608385
3611.5783623995117,3.3907778660414953,0.6247081246821554,0.6783939473241276,0.0,0.10535528864395578,0.6715415643539488,0.20099267221357334,0.29307953834480716,0.4866168263042304,0.26842314206648626,-0.05360922592837812,202.26871806580323,17.912716280905748,45.22240582003947,67.17859663941104,33.83670298315005,184.00514563889155,-12.757974219276925,860.1315111662191,0.7771093582371641,27.281877298200158,63.45973767483622,197.80065976306946,0.7437142207360725,0.0056310883045762455,0.0,320.9588791716333,49.47615030437212
3089.7449065200217,1.6519582890257951,1.4566504180495516,0.15348135852352124,0.0,0.2861769871769553,0.9558986502043955,-0.11136947297819982,0.29139247160198745,-0.2741928652728445,0.016195434850734432,-0.048944466587579144,74.85556486377038,90.88797440507659,43.526531660337234,29.75338620877255,18.147530394267932,183.99710516493874,-9.888854151228585,416.09888823934307,0.04260551607435291,7.014000288512847,-22.35754298322167,129.825812906602,0.9389269322759735,0.11789469312271122,0.0,457.3786570128085,-5.633895136991747
4039.6863244038327,5.160111486588253,-0.46908666526040155,0.1458867075817213,0.0,-0.3567540614198034,0.33982572068858635,0.3697238622508369,0.40276366622958204,0.02305489792921296,-0.16756687335977496,0.03170091227803327,44.11081766501029,72.44030275740263,86.13186149813974,103.50344943212966,30.356115432135425,184.00620928977938,43.60376591977481,-245.2603630796114,0.18525798185267958,23.97458477977472,13.223787931202141,188.27360165113913,0.5181805752889785,-0.05374907930216491,0.0,239.17457416677888,-2.7789459155889205
4007.1219501640926,1.5443128288888899,0.5186955297780819,0.8232712701946435,0.0,0.05946383805798789,0.5312503407539518,-0.7099495502375447,0.016937214213941898,0.500129088994672,-0.06801231947643549,0.05523019198679095,300.54036076720496,32.21230446313518,59.75157157037754,78.79647955032456,52.98534257474965,184.0108988698435,44.65415089343119,744.3859618431428,1.1517739537264908,47.36524198793771,53.15102361604371,105.47325311418066,0.8164630708413058,0.07092945201345197,0.0,-247.09905544634915,26.181044895730412
2371.309080600699,0.7605725755779216,0.24815490235979004,0.24071037007986384,0.0,-0.14202892480587304,0.3305019109951133,0.7380404867398758,-0.0027791988369434695,-0.09125752358164342,0.030400538773807943,-0.021446024955086095,476.86601223042874,66.6941500254596,10.968684590487456,7.63993202255417,12.062021237333662,184.0121690655395,-20.341546670458293,7.841613181342069,0.21930594772821826,-5.240640878305911,-35.20424623343197,121.76703935442899,0.7502266990359618,0.05610673790631883,0.0,-132.62265553052254,33.05778372993731
1731.9998357731693,2.797461019849501,-0.6449299562621089,0.7366820563130246,0.0,0.2396692975403309,0.18284069206055198,-0.2342894208867558,0.6749355225849321,0.29066154771855657,0.07997038854595774,0.08477052554678229,110.3362350434229,59.80360258904439,33.97907967001109,71.2637644218792,19.01454987925331,184.01079270137095,-8.659692741936809,77.43120655731195,1.3002647661674476,5.280410655778672,-8.133306827382802,214.45106229629374,0.7734344040770567,0.17734775886281973,0.0,686.6987348037999,27.812919212313133
2111.3283242060825,-0.5803880576031686,0.7773372291713482,0.9683595171130922,0.0,-0.006083733231069581,0.43162512511292994,0.07865625836375056,-0.4148752330546687,0.12205755769145243,-0.10694167507459038,0.05110197077315223,-18.120896074841312,20.260053276838974,68.3846351654316,25.064745493436153,38.77385990244224,184.01725314154928,17.33238780730778,572.3905577705907,-0.2779498495835636,13.730820018584238,50.34923834519146,153.64547726547514,0.8238444207691982,0.07649515657964429,0.0,331.16776844834203,31.612807403605718
3472.150535795058,0.6970802103923734,0.3965663950937517,0.10749461309649815,0.0,0.06663945881388073,0.7108008630286751,0.5911705668943592,0.06513559070733979,0.22652321188054375,0.08661074207372614,0.08259325361111212,126.74094503865985,18.114526050676332,-49.68311382203333,64.1549839458099,54.43159585302278,184.01287948575995,24.450522634445914,681.2578109287667,-0.7126786757080569,34.58745845751341,25.368938623730433,138.0175353176898,1.0015357324810272,0.20500324694139155,0.0,11.121899770559935,35.782433670755864
2199.148424301806,7.093419833460629,0.5706125393622278,0.3244243013963336,0.0,0.040526416994640525,-0.14759700770644754,0.17127299642281105,0.20586244963621192,0.13193689916754228,0.11988820112367299,-0.012599947273035076,244.6111638207737,48.09810698755418,0.5138051421815177,80.94582589818658,4.3332124087613195,184.0072658240692,25.37920701314638,-74.47214476025295,-0.09956162024628781,66.35941929127705,-19.3423095796021,196.4412354538731,0.6733802703478909,0.10593141266074577,0.0,270.5186450542076,19.298501376242584
1601.2684038796892,0.33408792363973694,-0.5782055515659584,0.5693876666717278,0.0,0.2631722591267476,-0.38126563587716966,0.1892434254538472,0.3734396596298595,0.3611284506574871,-0.06409098758543337,0.07902025395295845,199.2236273967954,39.30671481288121,74.09785657945777,92.60753239956858,-4.051128920269832,183.98714258226292,-20.84447291264791,716.2168837594875,-2.0175328115721562,19.927709754921782,-43.669120701154135,200.19523182483528,0.5253727099412302,0.2577452687229893,0.0,507.52460623316733,13.477222393375834
2691.4352736221585,1.0753674166154434,0.10164684771323804,0.4865028190561631,0.0,0.4460300530361744,-0.0014685956124614041,-0.18345819985447825,0.21578775927145924,-0.21181847472480148,0.26114308085233395,0.11215801728907095,364.45210529016924,25.062349739345912,98.11751961050632,52.128869705143984,27.03988970231953,183.98714703887114,25.048326352464304,525.3194745204592,0.8088250676451826,-6.446368341295059,64.79439443487463,146.1302667725281,0.6899825901108767,-0.0252048612652203,0.0,435.72454488373717,-2.7407715096657164
4303.48233919172,3.5419553419424914,-0.29310829685876194,0.4837689181872187,0.0,-0.1836569081211621,0.30648773204636215,1.1815551998311102,-0.17874788966070265,-0.17675043477922858,-0.050597608297485525,-0.018211934819336317,271.1197313039862,49.22872095227197,89.55240864185528,114.13581180863906,25.151411367657886,183.99731136156197,0.1818212996967823,-10.176783818579082,-0.6684873181826223,11.61111006521923,-59.110682910924695,169.4425206797693,0.9849217611720994,0.2434969495135441,0.0,11.29494581288202,12.276542510766333
2889.319975802395,3.6438914839624923,1.197277768755524,-0.3329583650944806,0.0,-0.1476339416023304,0.578688547999986,0.49452308763108693,0.5763854966887834,0.5939592083201195,-0.10881578868942918,-0.005218069451016936,-40.81597501961983,2.676410002348689,83.72668305932103,62.741695309592885,39.85476942238269,184.00065984119377,-14.522820049306112,166.9935637036777,-0.34850927991654684,5.585752419522597,39.034764085041566,164.80603783526,0.603105311266267,0.062110856549441915,0.0,-267.95862578566704,14.426779382503097
2291.0965815247023,2.9420229076744837,0.7290809313784712,-0.14376730892053938,0.0,0.10438628763222313,-0.1902527501224742,-0.21451521809636515,0.155127289751435,0.8000522082318421,-0.17477514987148668,-0.04513033950042232,66.79458663699681,36.18576123632997,48.90836159260108,49.15872303078771,37.06405410444825,184.01600337676223,23.31815457280219,730.6584957491323,0.6648791735230316,26.586814170602214,-3.55346374067239,67.72379769242322,0.7567011521678376,0.23069266461334983,0.0,137.04964732921928,3.1323253172290784
3158.85064315428,-0.5205491788908856,-0.11005442150155711,-0.006025244672572205,0.0,-0.12070140679951595,-0.8101885222971316,0.33934235429698023,-0.4483379228116144,0.1175213249788088,0.16787361908515863,-0.05501330895490917,-89.74935849268641,7.055997309498856,-3.9266620170977404,29.752298256389867,26.429902265121736,183.9685651381588,19.97736361252504,-253.55546083248873,0.21123278589971528,21.74930723046437,54.188010834974754,114.60223965398698,0.9587473248656893,0.2048729762813997,0.0,662.6456671223923,15.9236974395063
2815.04657481194,5.062367878724366,-0.5033804990968174,0.6608192276257356,0.0,0.22546280262893886,0.008274409814101297,-0.24556149308706277,0.23002938996705782,0.6752336523790501,0.01862610706718578,-0.05442667011733547,355.71184348737256,7.764537508123773,34.02581569190173,15.169994503003561,46.23766365001879,183.98839680303524,49.936678153839864,687.3381008414358,-0.21393264672784928,1.8393961544053408,-22.157457545127578,191.18412686724506,0.830206451111284,-0.15616736338733003,0.0,574.3567401591279,1.5507799526291457
-119.41647784769793,2.5339940648619255,0.29216706074988685,-0.29469598664131336,0.0,0.2572179216187766,0.1387628133333506,1.0176188159689747,0.3261915871362171,-0.130871395050207,-0.0439470213638031,-0.038277406372161905,-197.52960685973397,18.50542028357764,-47.90232451812238,61.79122980510176,14.597406779961245,183.99792355386697,-4.521523621275609,516.4169586820356,-1.4263737178059872,4.763056176765357,111.47700972325174,133.05094888274493,1.000133398186743,0.14172968058315,0.0,420.4410672406966,32.08456261901383
3706.1726946777385,5.790531489356981,0.7051191118926073,0.7812654909506123,0.0,-0.06732720259518678,-0.261699517106216,0.3487663087246248,0.8630035379269287,-0.05302088964478481,-0.1679113568408586,0.016354187198982732,-72.55156292679092,41.52764078715934,102.3026744706009,47.63773365209665,30.92009405377999,183.98880954490366,31.381000366037895,408.52781320585086,1.1089323719852289,11.40711497043321,30.62643943477969,177.67596233098692,0.5472942983868561,0.18809463369701862,0.0,218.9231210840288,22.436124536040307
3285.420245295271,2.13901264916508,-0.5945857248450843,0.4913135860597556,0.0,-0.11024418145139168,-0.0937238292669034,-0.16741264317154003,0.302150868994974,0.5916819134048109,-0.032728134423485294,-0.036151570838239694,63.53427685845102,19.18374196893268,5.731119086246537,54.73687529332373,4.819694602250376,183.9910663715538,-27.701490450783332,287.78578072556945,0.6700460906685578,13.100995200265857,36.647581736846604,168.93736040112404,0.7925346981351652,0.21769343871839864,0.0,99.01905453736819,10.010086715202977
2716.341736796244,5.3247012532408675,-0.22534274588165873,0.6373425705728639,0.0,-0.013563065144226234,0.5776182018319478,0.567483236951266,-0.3811302750902185,0.37990664543936076,0.3125165583188379,0.014816369267298898,253.27449104205567,7.503833994374528,18.671069617551517,64.49051246746924,26.28059037342236,183.99446092050908,14.675794120224566,875.8905796208371,1.6824221334627025,15.868056901933329,-12.323795321207365,200.1317272124219,1.0299739289427625,-0.006348455526976257,0.0,225.35468367890851,19.11030933868438
4237.889577003447,5.938595379283875,-0.3052379522175044,-0.17540582691596504,0.0,0.0613666981260392,0.25126185432955983,0.13893906487338298,-0.3684372076093175,0.639956536618785,-0.2514407054693321,0.015856618701712122,61.79672326269315,43.979536989618644,91.26563784334166,54.549532097400586,0.3316900542981003,183.98938901498195,38.86544695878448,923.1661626428652,-0.33231633428682084,17.1460165851996,11.051313362720538,115.65260445739202,0.6772677091202794,0.15167199652626442,0.0,549.186119182529,0.9513795917019703
4456.980885761226,2.4872282806340698,0.601474704027774,0.21534879842265944,0.0,0.10306873413430102,0.3618865972516693,-0.3047527242164484,0.6093052154178968,0.2711472020848834,-0.06293350003372802,-0.02110932266710404,89.387478173946,65.82802079422162,-30.636013685254177,132.4603065959912,6.64587260453299,183.99135800435346,41.62799915305553,48.84957026604431,-0.98417212413257,33.78994069253311,11.998909837495315,173.2335114682082,0.9866929670837974,0.11632319934717619,0.0,628.3738189586877,2.374378099319964
3854.533048780723,5.124935702561387,0.03296660592851883,0.3037473419540026,0.0,-0.40483815362467335,0.07186409559451037,0.42844672047816146,-0.13567563586369596,-0.20891075542048654,0.2391659606962871,-0.0006143901273234355,92.86252275619898,47.45639508283311,-11.245524263764544,19.753389222204525,58.31122467348232,184.01560857214398,41.851135507309436,441.4972721191938,0.8764313476090149,10.899735177992259,81.55844066882773,158.17924872250313,0.8048331308318148,0.13745858703889724,0.0,187.4079377318893,7.5646608854069015
1456.1634129799684,0.80052221517772,0.05222334884143831,0.28659508285199903,0.0,-0.15058118744786608,-0.0929047915069641,0.4160583939923191,-0.40554319945055756,0.19174426552374452,0.1714039926127509,-0.024015821025075674,184.28441360217957,72.47728222137516,55.21161919695757,62.34160624705788,-6.313808106800639,184.00710458668513,50.02454169654952,845.2571519454816,-0.022125359004728534,8.831753627974397,30.563509947981892,134.45378660599295,0.9007113668891679,0.18821238787533684,0.0,1157.4177256772002,13.766627918686797
1506.4699041828299,3.917541175061853,0.28324929144424194,0.3024659144412571,0.0,-0.039143878818108546,0.06887993937589329,0.7608082011842986,0.5159984766227674,0.5088735671648725,-0.05532847057581447,-0.013092932628033538,-61.47095401771347,64.03003734282939,66.7216270798897,33.070676802124815,23.08913154442415,184.0088035914887,9.077080129563363,-5.4730034454848635,0.5979450781455419,-2.3281292067886348,35.79834885021256,134.22378788520237,1.0195933542583948,0.202322008510645,0.0,310.1978133275063,18.44174976415844
4317.849566886741,5.794012535146766,-0.20075324044030982,0.07929203854610165,0.0,-0.11686132403738654,0.4252660564866604,0.2894109176438658,-0.017481443351947568,0.07625546212389578,0.04114388877922602,-0.03814647827912151,-13.259011821118577,23.22445705191732,39.722362102308374,-65.99919594506969,42.178019371442176,183.99974148221764,39.91512227940273,323.4358983438984,1.3513506006707252,13.31850818624732,35.389771926872996,167.77265310080978,0.9000968261816605,0.04023494553025014,0.0,157.8818746792303,18.497247708492782
-37.37051090785826,4.416354049501083,-0.46065320656268416,0.23988407505618692,0.0,-0.5258764845187641,-0.39777589416901116,0.3081032068302567,0.49666598684449,0.02643842907915596,0.07345943162455722,0.006766117817211472,450.29698720940013,47.31244619006658,41.209748343370975,34.58837847858322,67.67225903289594,184.01161013576947,84.88648815792553,566.7899683257576,0.4156100259308244,20.055573731075683,38.896476547923896,180.94583814174933,0.7539382689219924,0.1226141881499792,0.0,789.7448343166383,-2.047501745699705
2476.3413501086084,8.111849150963693,0.8325685827922461,0.5902780516793089,0.0,-0.33274748198535625,0.9013789237016431,0.33141447116471684,-0.1761195548885125,0.2761055045197258,0.03245182587271788,-0.027668985586753094,224.78517998854159,31.74005712735899,100.83077191346052,1.6346621142308493,30.289097469136948,184.0097557719262,8.378025455486755,-398.8930186826536,0.24783232195864602,-7.735716412410618,-34.84890309366624,162.40482707713147,0.9190237870113085,0.10255654192861956,0.0,-428.46794813566254,15.327189661861722
